Workbook

Sheet README
A1: Celebrity Gallery - Data Collection Guide
A3: PURPOSE
B4: This workbook is the source of truth for building the celebrity face gallery used by the face-forensics module (open-set identification: card-face embedding vs gallery via ArcFace/InsightFace cosine similarity).
B5: Each row in the 'Celebrities' sheet corresponds to exactly one gallery identity. The celeb_id column is the canonical key: use it as the .npz filename / FAISS label. Never rename a celeb_id after embeddings are built.
A7: WORKFLOW
B8: 1. Pick a country/tier slice (start with tier A of each P1 market).
B9: 2. For each celeb: verify identity against wiki_url/anchor URL, collect 10+ images per the rules below.
B10: 3. Run face crop + frontalization modules, update images_collected / images_frontal_ok.
B11: 4. Embed and add to gallery, set embedded_in_gallery = Y, then QC (self-match and impostor spot-check), set qc_status.
A13: IMAGE COLLECTION RULES
B14: - 10+ images per identity; after your crop/frontal pipeline, keep the best 10.
B15: - Face must be near-frontal (within ~±25° yaw), eyes visible, no sunglasses, minimal occlusion.
B16: - Min face size ~112x112 px AFTER crop (ArcFace input); prefer source images where the face is much larger.
B17: - Span variation: different ages/years, hairstyles, lighting, with/without beard or hijab styles where applicable.
B18: - Avoid: heavy stage makeup, movie prosthetics, filters, group photos where identity is ambiguous, waxworks, fan art, AI-generated images.
B19: - One identity per row - verify each downloaded image is really that person (search engines mix up lookalikes and relatives).
A21: THRESHOLD / QC TIPS
B22: - Keep a held-out probe set (2-3 images per celeb NOT in the gallery) to measure true-accept rate.
B23: - Build a hard-negative set: lookalike_of pairs, siblings, same-ethnicity non-celebs - use it to set the cosine threshold.
B24: - Track per-market thresholds if score distributions differ (they often do across ethnicities/datasets).
A26: COLUMN DEFINITIONS (Celebrities sheet)
A27: celeb_id | B27: Canonical key: <iso2>_<snake_case_name>. Used as gallery/.npz key. Immutable.
A28: full_name | B28: Common public name (romanized).
A29: aliases | B29: Stage names, nicknames, native-script spellings - improves web search recall.
A30: gender | B30: M/F, optional; blank if not applicable/preferred.
A31: birth_year | B31: Approximate is fine; helps plan age variation in samples. Blank = unverified.
A32: country_origin | B32: Nationality/origin country of the celebrity.
A33: target_market | B33: Where recognition matters for the product: GCC, PH, or GLOBAL.
A34: category / sub_category | B34: Coarse type (dropdown) and free-text specialization.
A35: tier | B35: A = instantly recognizable in market; B = well known; C = niche. Collect A first.
A36: lookalike_of | B36: celeb_id of a known lookalike/sibling in this sheet - used for hard-negative threshold tuning.
A37: deceased | B37: Y if deceased - their images still circulate and can appear on fraudulent cards.
A38: wiki_url | B38: Anchor URL to disambiguate identity before collecting (fill in during collection).
... A42: collector / notes | B42: Who collected; anything unusual.

Sheet Countries
A1: country | B1: iso2 | C1: role | D1: priority | E1: target_count | F1: seeded_in_sheet | G1: embedded_in_gallery | H1: status | I1: notes
A2: Saudi Arabia | B2: SA | C2: Primary market | D2: P1 | E2: 120 | F2: =COUNTIF(Celebrities!F:F,A2) | G2: =COUNTIFS(Celebrities!F:F,A2,Celebrities!P:P,"Y") | H2: Not started | I2: Domestic + pan-Arab + Saudi Pro League imports
A3: UAE | B3: AE | C3: Primary market | D3: P1 | E3: 100 | F3: =COUNTIF(Celebrities!F:F,A3) | G3: =COUNTIFS(Celebrities!F:F,A3,Celebrities!P:P,"Y") | H3: Not started | I3: Domestic + pan-Arab; large expat base - consider India/PK/PH lists too
A4: Qatar | B4: QA | C4: Primary market | D4: P1 | E4: 60 | F4: =COUNTIF(Celebrities!F:F,A4) | G4: =COUNTIFS(Celebrities!F:F,A4,Celebrities!P:P,"Y") | H4: Not started | I4: Domestic + pan-Arab
A5: Kuwait | B5: KW | C5: Primary market | D5: P1 | E5: 80 | F5: =COUNTIF(Celebrities!F:F,A5) | G5: =COUNTIFS(Celebrities!F:F,A5,Celebrities!P:P,"Y") | H5: Not started | I5: Strong domestic drama/comedy scene
A6: Bahrain | B6: BH | C6: Primary market | D6: P1 | E6: 40 | F6: =COUNTIF(Celebrities!F:F,A6) | G6: =COUNTIFS(Celebrities!F:F,A6,Celebrities!P:P,"Y") | H6: Not started | I6: Small domestic pool; leans on pan-Arab
A7: Oman | B7: OM | C7: Primary market | D7: P1 | E7: 40 | F7: =COUNTIF(Celebrities!F:F,A7) | G7: =COUNTIFS(Celebrities!F:F,A7,Celebrities!P:P,"Y") | H7: Not started | I7: Small domestic pool; leans on pan-Arab
A8: Philippines | B8: PH | C8: Primary market | D8: P1 | E8: 500 | F8: =COUNTIF(Celebrities!F:F,A8) | G8: =COUNTIFS(Celebrities!F:F,A8,Celebrities!P:P,"Y") | H8: Not started | I8: Deep domestic pool: showbiz, P-pop, basketball, beauty queens, vloggers
A9: Egypt | B9: EG | C9: Pan-Arab source | D9: P1-support | E9: 120 | F9: =COUNTIF(Celebrities!F:F,A9) | G9: =COUNTIFS(Celebrities!F:F,A9,Celebrities!P:P,"Y") | H9: Not started | I9: Film/music stars with massive GCC recognition
A10: Lebanon | B10: LB | C10: Pan-Arab source | D10: P1-support | E10: 80 | F10: =COUNTIF(Celebrities!F:F,A10) | G10: =COUNTIFS(Celebrities!F:F,A10,Celebrities!P:P,"Y") | H10: Not started | I10: Pop stars and drama actors watched across GCC
A11: Iraq | B11: IQ | C11: Pan-Arab source | D11: P1-support | E11: 30 | F11: =COUNTIF(Celebrities!F:F,A11) | G11: =COUNTIFS(Celebrities!F:F,A11,Celebrities!P:P,"Y") | H11: Not started
A12: Syria | B12: SY | C12: Pan-Arab source | D12: P1-support | E12: 30 | F12: =COUNTIF(Celebrities!F:F,A12) | G12: =COUNTIFS(Celebrities!F:F,A12,Celebrities!P:P,"Y") | H12: Not started | I12: Ramadan-drama actors widely known in GCC
A13: Morocco | B13: MA | C13: Pan-Arab source | D13: P2 | E13: 25 | F13: =COUNTIF(Celebrities!F:F,A13) | G13: =COUNTIFS(Celebrities!F:F,A13,Celebrities!P:P,"Y") | H13: Not started
A14: Algeria | B14: DZ | C14: Pan-Arab source | D14: P2 | E14: 20 | F14: =COUNTIF(Celebrities!F:F,A14) | G14: =COUNTIFS(Celebrities!F:F,A14,Celebrities!P:P,"Y") | H14: Not started
A15: Tunisia | B15: TN | C15: Pan-Arab source | D15: P2 | E15: 20 | F15: =COUNTIF(Celebrities!F:F,A15) | G15: =COUNTIFS(Celebrities!F:F,A15,Celebrities!P:P,"Y") | H15: Not started
A16: Jordan | B16: JO | C16: Pan-Arab source | D16: P2 | E16: 15 | F16: =COUNTIF(Celebrities!F:F,A16) | G16: =COUNTIFS(Celebrities!F:F,A16,Celebrities!P:P,"Y") | H16: Not started
A17: Palestine | B17: PS | C17: Pan-Arab source | D17: P2 | E17: 10 | F17: =COUNTIF(Celebrities!F:F,A17) | G17: =COUNTIFS(Celebrities!F:F,A17,Celebrities!P:P,"Y") | H17: Not started
A18: Global | B18: - | C18: High-visibility imports | D18: P1-support | E18: 50 | F18: =COUNTIF(Celebrities!G:G,"GLOBAL") | G18: =COUNTIFS(Celebrities!G:G,"GLOBAL",Celebrities!P:P,"Y") | H18: Not started | I18: Footballers in Saudi league, Hollywood A-list, global musicians

Sheet Celebrities
A1: celeb_id | B1: full_name | C1: aliases | D1: gender | E1: birth_year | F1: country_origin | G1: target_market | H1: category | I1: sub_category | J1: tier | K1: lookalike_of | L1: deceased | M1: wiki_url | N1: images_collected | O1: images_frontal_ok | P1: embedded_in_gallery | Q1: qc_status | R1: collector | S1: notes
A2: sa_mohammed_bin_salman | B2: Mohammed bin Salman | C2: MBS | D2: M | E2: 1985 | F2: Saudi Arabia | G2: GCC | H2: Politician/Royal | I2: Crown Prince | J2: A | L2: N | N2: 0 | O2: 0 | P2: N | Q2: Pending
A3: sa_salman_bin_abdulaziz_al_saud | B3: Salman bin Abdulaziz Al Saud | C3: King Salman | D3: M | E3: 1935 | F3: Saudi Arabia | G3: GCC | H3: Politician/Royal | I3: King | J3: A | L3: N | N3: 0 | O3: 0 | P3: N | Q3: Pending
A4: sa_turki_alalshikh | B4: Turki Alalshikh | C4: Turki Al-Sheikh | D4: M | E4: 1981 | F4: Saudi Arabia | G4: GCC | H4: Politician/Royal | I4: GEA Chairman | J4: A | L4: N | N4: 0 | O4: 0 | P4: N | Q4: Pending | S4: Very high media presence (Riyadh Season)
A5: sa_salem_al_dawsari | B5: Salem Al-Dawsari | D5: M | E5: 1991 | F5: Saudi Arabia | G5: GCC | H5: Sports | I5: Football | J5: A | L5: N | N5: 0 | O5: 0 | P5: N | Q5: Pending | S5: Scored winner vs Argentina WC2022
A6: sa_yasser_al_shahrani | B6: Yasser Al-Shahrani | D6: M | E6: 1992 | F6: Saudi Arabia | G6: GCC | H6: Sports | I6: Football | J6: B | L6: N | N6: 0 | O6: 0 | P6: N | Q6: Pending
A7: sa_salman_al_faraj | B7: Salman Al-Faraj | D7: M | E7: 1989 | F7: Saudi Arabia | G7: GCC | H7: Sports | I7: Football | J7: B | L7: N | N7: 0 | O7: 0 | P7: N | Q7: Pending
A8: sa_mohammed_al_owais | B8: Mohammed Al-Owais | D8: M | E8: 1991 | F8: Saudi Arabia | G8: GCC | H8: Sports | I8: Football (GK) | J8: B | L8: N | N8: 0 | O8: 0 | P8: N | Q8: Pending
A9: sa_firas_al_buraikan | B9: Firas Al-Buraikan | D9: M | E9: 2000 | F9: Saudi Arabia | G9: GCC | H9: Sports | I9: Football | J9: B | L9: N | N9: 0 | O9: 0 | P9: N | Q9: Pending
A10: sa_sami_al_jaber | B10: Sami Al-Jaber | D10: M | E10: 1972 | F10: Saudi Arabia | G10: GCC | H10: Sports | I10: Football (legend) | J10: A | L10: N | N10: 0 | O10: 0 | P10: N | Q10: Pending
A11: sa_yasser_al_qahtani | B11: Yasser Al-Qahtani | C11: The Sniper | D11: M | E11: 1982 | F11: Saudi Arabia | G11: GCC | H11: Sports | I11: Football (legend) | J11: A | L11: N | N11: 0 | O11: 0 | P11: N | Q11: Pending
A12: sa_nasser_al_qasabi | B12: Nasser Al-Qasabi | C12: Nasser Alqasabi | D12: M | E12: 1961 | F12: Saudi Arabia | G12: GCC | H12: Actor | I12: Comedy (Tash ma Tash) | J12: A | L12: N | N12: 0 | O12: 0 | P12: N | Q12: Pending
A13: sa_abdullah_al_sadhan | B13: Abdullah Al-Sadhan | D13: M | F13: Saudi Arabia | G13: GCC | H13: Actor | I13: Comedy (Tash ma Tash) | J13: B | L13: N | N13: 0 | O13: 0 | P13: N | Q13: Pending
A14: sa_fayez_al_malki | B14: Fayez Al-Malki | D14: M | F14: Saudi Arabia | G14: GCC | H14: Actor | I14: Comedy | J14: B | L14: N | N14: 0 | O14: 0 | P14: N | Q14: Pending
A15: sa_mohammed_abdu | B15: Mohammed Abdu | C15: Artist of the Arabs | D15: M | E15: 1949 | F15: Saudi Arabia | G15: GCC | H15: Singer/Musician | I15: Khaleeji | J15: A | L15: N | N15: 0 | O15: 0 | P15: N | Q15: Pending
A16: sa_abdul_majeed_abdullah | B16: Abdul Majeed Abdullah | C16: Abdul Majeed Abdallah | D16: M | E16: 1962 | F16: Saudi Arabia | G16: GCC | H16: Singer/Musician | I16: Khaleeji | J16: A | L16: N | N16: 0 | O16: 0 | P16: N | Q16: Pending
A17: sa_rabeh_saqer | B17: Rabeh Saqer | C17: Rabeh Sager | D17: M | F17: Saudi Arabia | G17: GCC | H17: Singer/Musician | I17: Khaleeji | J17: B | L17: N | N17: 0 | O17: 0 | P17: N | Q17: Pending
A18: sa_rashed_al_majed | B18: Rashed Al-Majed | C18: Rashed Al Majid | D18: M | E18: 1969 | F18: Saudi Arabia | G18: GCC | H18: Singer/Musician | I18: Khaleeji | J18: A | L18: N | N18: 0 | O18: 0 | P18: N | Q18: Pending | S18: Saudi-Bahraini
A19: sa_aseel_omran | B19: Aseel Omran | D19: F | E19: 1989 | F19: Saudi Arabia | G19: GCC | H19: Actor | I19: Actress/Singer | J19: B | L19: N | N19: 0 | O19: 0 | P19: N | Q19: Pending
A20: sa_mila_al_zahrani | B20: Mila Al Zahrani | D20: F | F20: Saudi Arabia | G20: GCC | H20: Actor | I20: Film | J20: B | L20: N | N20: 0 | O20: 0 | P20: N | Q20: Pending | S20: The Perfect Candidate
A21: sa_ahmad_al_shugairi | B21: Ahmad Al Shugairi | C21: Ahmed Alshugairi | D21: M | E21: 1973 | F21: Saudi Arabia | G21: GCC | H21: TV Host/Media | I21: Khawatir presenter | J21: A | L21: N | N21: 0 | O21: 0 | P21: N | Q21: Pending
A22: sa_lojain_omran | B22: Lojain Omran | D22: F | E22: 1977 | F22: Saudi Arabia | G22: GCC | H22: TV Host/Media | I22: Presenter/Influencer | J22: B | L22: N | N22: 0 | O22: 0 | P22: N | Q22: Pending
A23: sa_model_roz | B23: Model Roz | C23: Rose Al Otaibi | D23: F | F23: Saudi Arabia | G23: GCC | H23: Influencer | I23: Fashion | J23: B | L23: N | N23: 0 | O23: 0 | P23: N | Q23: Pending
A24: ae_mohamed_bin_zayed_al_nahyan | B24: Mohamed bin Zayed Al Nahyan | C24: MBZ | D24: M | E24: 1961 | F24: UAE | G24: GCC | H24: Politician/Royal | I24: President | J24: A | L24: N | N24: 0 | O24: 0 | P24: N | Q24: Pending
A25: ae_mohammed_bin_rashid_al_maktoum | B25: Mohammed bin Rashid Al Maktoum | C25: Sheikh Mohammed | D25: M | E25: 1949 | F25: UAE | G25: GCC | H25: Politician/Royal | I25: Ruler of Dubai / PM | J25: A | L25: N | N25: 0 | O25: 0 | P25: N | Q25: Pending
A26: ae_hamdan_bin_mohammed_al_maktoum | B26: Hamdan bin Mohammed Al Maktoum | C26: Fazza | D26: M | E26: 1982 | F26: UAE | G26: GCC | H26: Politician/Royal | I26: Crown Prince of Dubai | J26: A | L26: N | N26: 0 | O26: 0 | P26: N | Q26: Pending | S26: Huge Instagram following
A27: ae_hussain_al_jassmi | B27: Hussain Al Jassmi | C27: Hussain Al Jasmi | D27: M | E27: 1979 | F27: UAE | G27: GCC | H27: Singer/Musician | I27: Khaleeji/Pan-Arab | J27: A | L27: N | N27: 0 | O27: 0 | P27: N | Q27: Pending
A28: ae_ahlam_alshamsi | B28: Ahlam Alshamsi | C28: Ahlam | D28: F | E28: 1969 | F28: UAE | G28: GCC | H28: Singer/Musician | I28: Khaleeji / Arab Idol judge | J28: A | L28: N | N28: 0 | O28: 0 | P28: N | Q28: Pending
A29: ae_balqees_fathi | B29: Balqees Fathi | C29: Balqees | D29: F | E29: 1988 | F29: UAE | G29: GCC | H29: Singer/Musician | I29: Khaleeji | J29: A | L29: N | N29: 0 | O29: 0 | P29: N | Q29: Pending | S29: Yemeni-Emirati
A30: ae_ali_mabkhout | B30: Ali Mabkhout | D30: M | E30: 1990 | F30: UAE | G30: GCC | H30: Sports | I30: Football | J30: A | L30: N | N30: 0 | O30: 0 | P30: N | Q30: Pending
A31: ae_omar_abdulrahman | B31: Omar Abdulrahman | C31: Amoory | D31: M | E31: 1991 | F31: UAE | G31: GCC | H31: Sports | I31: Football | J31: A | L31: N | N31: 0 | O31: 0 | P31: N | Q31: Pending
A32: ae_khalid_al_ameri | B32: Khalid Al Ameri | D32: M | E32: 1984 | F32: UAE | G32: GCC | H32: Influencer | I32: Family/social vlogs | J32: A | L32: N | N32: 0 | O32: 0 | P32: N | Q32: Pending
A33: ae_anas_bukhash | B33: Anas Bukhash | C33: ABtalks | D33: M | E33: 1985 | F33: UAE | G33: GCC | H33: TV Host/Media | I33: Interview show / entrepreneur | J33: B | L33: N | N33: 0 | O33: 0 | P33: N | Q33: Pending
A34: ae_taim_al_falasi | B34: Taim Al Falasi | D34: F | E34: 1994 | F34: UAE | G34: GCC | H34: Influencer | I34: Lifestyle | J34: B | L34: N | N34: 0 | O34: 0 | P34: N | Q34: Pending
A35: ae_mahira_abdel_aziz | B35: Mahira Abdel Aziz | D35: F | F35: UAE | G35: GCC | H35: TV Host/Media | I35: Presenter | J35: B | L35: N | N35: 0 | O35: 0 | P35: N | Q35: Pending
A36: ae_habib_ghuloom | B36: Habib Ghuloom | D36: M | F36: UAE | G36: GCC | H36: Actor | I36: Drama/theatre | J36: B | L36: N | N36: 0 | O36: 0 | P36: N | Q36: Pending
A37: qa_tamim_bin_hamad_al_thani | B37: Tamim bin Hamad Al Thani | C37: Emir Tamim | D37: M | E37: 1980 | F37: Qatar | G37: GCC | H37: Politician/Royal | I37: Emir | J37: A | L37: N | N37: 0 | O37: 0 | P37: N | Q37: Pending
A38: qa_moza_bint_nasser | B38: Moza bint Nasser | C38: Sheikha Moza | D38: F | E38: 1959 | F38: Qatar | G38: GCC | H38: Politician/Royal | I38: Royal | J38: A | L38: N | N38: 0 | O38: 0 | P38: N | Q38: Pending
A39: qa_hamad_bin_khalifa_al_thani | B39: Hamad bin Khalifa Al Thani | C39: Father Emir | D39: M | E39: 1952 | F39: Qatar | G39: GCC | H39: Politician/Royal | I39: Former Emir | J39: B | L39: N | N39: 0 | O39: 0 | P39: N | Q39: Pending
A40: qa_akram_afif | B40: Akram Afif | D40: M | E40: 1996 | F40: Qatar | G40: GCC | H40: Sports | I40: Football | J40: A | L40: N | N40: 0 | O40: 0 | P40: N | Q40: Pending | S40: Asian Cup MVP
A41: qa_almoez_ali | B41: Almoez Ali | D41: M | E41: 1996 | F41: Qatar | G41: GCC | H41: Sports | I41: Football | J41: A | L41: N | N41: 0 | O41: 0 | P41: N | Q41: Pending
A42: qa_hassan_al_haydos | B42: Hassan Al-Haydos | D42: M | E42: 1990 | F42: Qatar | G42: GCC | H42: Sports | I42: Football | J42: B | L42: N | N42: 0 | O42: 0 | P42: N | Q42: Pending
A43: qa_saad_al_sheeb | B43: Saad Al Sheeb | D43: M | E43: 1990 | F43: Qatar | G43: GCC | H43: Sports | I43: Football (GK) | J43: B | L43: N | N43: 0 | O43: 0 | P43: N | Q43: Pending
A44: qa_mutaz_barshim | B44: Mutaz Barshim | D44: M | E44: 1991 | F44: Qatar | G44: GCC | H44: Sports | I44: High jump (Olympic gold) | J44: A | L44: N | N44: 0 | O44: 0 | P44: N | Q44: Pending
A45: qa_nasser_al_attiyah | B45: Nasser Al-Attiyah | D45: M | E45: 1970 | F45: Qatar | G45: GCC | H45: Sports | I45: Rally (Dakar winner) | J45: A | L45: N | N45: 0 | O45: 0 | P45: N | Q45: Pending
A46: qa_fahad_al_kubaisi | B46: Fahad Al Kubaisi | D46: M | E46: 1981 | F46: Qatar | G46: GCC | H46: Singer/Musician | I46: Khaleeji | J46: A | L46: N | N46: 0 | O46: 0 | P46: N | Q46: Pending
A47: qa_ghanim_al_muftah | B47: Ghanim Al Muftah | D47: M | E47: 2002 | F47: Qatar | G47: GCC | H47: Influencer | I47: Motivational speaker | J47: A | L47: N | N47: 0 | O47: 0 | P47: N | Q47: Pending | S47: WC2022 opening ceremony
A48: qa_khalifa_al_haroon | B48: Khalifa Al Haroon | C48: Mr. Q / ILoveQatar | D48: M | F48: Qatar | G48: GCC | H48: Influencer | I48: Media entrepreneur | J48: B | L48: N | N48: 0 | O48: 0 | P48: N | Q48: Pending
A49: kw_hayat_al_fahad | B49: Hayat Al-Fahad | D49: F | E49: 1948 | F49: Kuwait | G49: GCC | H49: Actor | I49: Drama (legend) | J49: A | L49: N | N49: 0 | O49: 0 | P49: N | Q49: Pending
A50: kw_souad_abdullah | B50: Souad Abdullah | C50: Suad Abdullah | D50: F | E50: 1950 | F50: Kuwait | G50: GCC | H50: Actor | I50: Drama (legend) | J50: A | L50: N | N50: 0 | O50: 0 | P50: N | Q50: Pending
A51: kw_dawood_hussain | B51: Dawood Hussain | C51: Daoud Hussain | D51: M | E51: 1962 | F51: Kuwait | G51: GCC | H51: Actor | I51: Comedy/drama | J51: A | L51: N | N51: 0 | O51: 0 | P51: N | Q51: Pending
A52: kw_tariq_al_ali | B52: Tariq Al-Ali | C52: Tareq Alali | D52: M | E52: 1966 | F52: Kuwait | G52: GCC | H52: Actor | I52: Comedy/theatre | J52: A | L52: N | N52: 0 | O52: 0 | P52: N | Q52: Pending
A53: kw_abdulhussain_abdulredha | B53: Abdulhussain Abdulredha | D53: M | E53: 1939 | F53: Kuwait | G53: GCC | H53: Actor | I53: Comedy (legend) | J53: A | L53: Y | N53: 0 | O53: 0 | P53: N | Q53: Pending | S53: Deceased 2017 - images still widely circulated
A54: kw_abdallah_al_rowaished | B54: Abdallah Al-Rowaished | C54: Abdullah Al Ruwaished | D54: M | E54: 1961 | F54: Kuwait | G54: GCC | H54: Singer/Musician | I54: Khaleeji | J54: A | L54: N | N54: 0 | O54: 0 | P54: N | Q54: Pending
A55: kw_nawal_el_kuwaitia | B55: Nawal El Kuwaitia | C55: Nawal | D55: F | E55: 1966 | F55: Kuwait | G55: GCC | H55: Singer/Musician | I55: Khaleeji | J55: A | L55: N | N55: 0 | O55: 0 | P55: N | Q55: Pending
A56: kw_nabeel_shuail | B56: Nabeel Shuail | C56: Nabil Shuail | D56: M | E56: 1962 | F56: Kuwait | G56: GCC | H56: Singer/Musician | I56: Khaleeji | J56: A | L56: N | N56: 0 | O56: 0 | P56: N | Q56: Pending
A57: kw_humood_alkhudher | B57: Humood AlKhudher | C57: Humood | D57: M | E57: 1989 | F57: Kuwait | G57: GCC | H57: Singer/Musician | I57: Nasheed/pop (Kun Anta) | J57: A | L57: N | N57: 0 | O57: 0 | P57: N | Q57: Pending
A58: kw_bashar_al_shatty | B58: Bashar Al Shatty | D58: M | E58: 1985 | F58: Kuwait | G58: GCC | H58: Singer/Musician | I58: Pop/actor | J58: B | L58: N | N58: 0 | O58: 0 | P58: N | Q58: Pending
A59: kw_bader_al_mutawa | B59: Bader Al-Mutawa | D59: M | E59: 1985 | F59: Kuwait | G59: GCC | H59: Sports | I59: Football (most-capped) | J59: A | L59: N | N59: 0 | O59: 0 | P59: N | Q59: Pending
A60: kw_fouz_al_fahad | B60: Fouz Al Fahad | C60: Fouz Alfahad | D60: F | E60: 1989 | F60: Kuwait | G60: GCC | H60: Influencer | I60: Beauty/lifestyle | J60: A | L60: N | N60: 0 | O60: 0 | P60: N | Q60: Pending
A61: kw_ascia_al_faraj | B61: Ascia Al Faraj | C61: Ascia AKF | D61: F | E61: 1989 | F61: Kuwait | G61: GCC | H61: Influencer | I61: Fashion | J61: A | L61: N | N61: 0 | O61: 0 | P61: N | Q61: Pending
A62: kw_ilham_al_fadalah | B62: Ilham Al-Fadalah | C62: Elham Alfadhalah | D62: F | F62: Kuwait | G62: GCC | H62: Actor | I62: Drama | J62: B | L62: N | N62: 0 | O62: 0 | P62: N | Q62: Pending
A63: bh_hamad_bin_isa_al_khalifa | B63: Hamad bin Isa Al Khalifa | C63: King Hamad | D63: M | E63: 1950 | F63: Bahrain | G63: GCC | H63: Politician/Royal | I63: King | J63: A | L63: N | N63: 0 | O63: 0 | P63: N | Q63: Pending
A64: bh_salman_bin_hamad_al_khalifa | B64: Salman bin Hamad Al Khalifa | C64: Crown Prince Salman | D64: M | E64: 1969 | F64: Bahrain | G64: GCC | H64: Politician/Royal | I64: Crown Prince / PM | J64: B | L64: N | N64: 0 | O64: 0 | P64: N | Q64: Pending
A65: bh_nasser_bin_hamad_al_khalifa | B65: Nasser bin Hamad Al Khalifa | D65: M | E65: 1987 | F65: Bahrain | G65: GCC | H65: Politician/Royal | I65: Royal / endurance athlete | J65: B | L65: N | N65: 0 | O65: 0 | P65: N | Q65: Pending
A66: bh_hala_al_turk | B66: Hala Al Turk | D66: F | E66: 2002 | F66: Bahrain | G66: GCC | H66: Singer/Musician | I66: Pop | J66: A | L66: N | N66: 0 | O66: 0 | P66: N | Q66: Pending | S66: Child star, huge YouTube reach
A67: bh_khalid_al_shaikh | B67: Khalid Al Shaikh | C67: Khaled El Sheikh | D67: M | E67: 1958 | F67: Bahrain | G67: GCC | H67: Singer/Musician | I67: Khaleeji | J67: B | L67: N | N67: 0 | O67: 0 | P67: N | Q67: Pending
A68: bh_haifa_hussain | B68: Haifa Hussain | D68: F | F68: Bahrain | G68: GCC | H68: Actor | I68: Drama | J68: B | L68: N | N68: 0 | O68: 0 | P68: N | Q68: Pending
A69: bh_shaila_sabt | B69: Shaila Sabt | D69: F | F69: Bahrain | G69: GCC | H69: Actor | I69: Actress/model | J69: B | L69: N | N69: 0 | O69: 0 | P69: N | Q69: Pending
A70: bh_abdulla_yusuf_helal | B70: Abdulla Yusuf Helal | D70: M | E70: 1993 | F70: Bahrain | G70: GCC | H70: Sports | I70: Football | J70: C | L70: N | N70: 0 | O70: 0 | P70: N | Q70: Pending
A71: om_haitham_bin_tariq_al_said | B71: Haitham bin Tariq Al Said | C71: Sultan Haitham | D71: M | E71: 1954 | F71: Oman | G71: GCC | H71: Politician/Royal | I71: Sultan | J71: A | L71: N | N71: 0 | O71: 0 | P71: N | Q71: Pending
A72: om_ali_al_habsi | B72: Ali Al-Habsi | D72: M | E72: 1981 | F72: Oman | G72: GCC | H72: Sports | I72: Football (ex-Premier League GK) | J72: A | L72: N | N72: 0 | O72: 0 | P72: N | Q72: Pending
A73: om_salah_al_zadjali | B73: Salah Al Zadjali | D73: M | F73: Oman | G73: GCC | H73: Singer/Musician | I73: Khaleeji pop | J73: B | L73: N | N73: 0 | O73: 0 | P73: N | Q73: Pending
A74: om_haitham_mohammed_rafi | B74: Haitham Mohammed Rafi | D74: M | F74: Oman | G74: GCC | H74: Singer/Musician | I74: Pop (talent-show winner) | J74: B | L74: N | N74: 0 | O74: 0 | P74: N | Q74: Pending
A75: om_buthaina_al_raisi | B75: Buthaina Al Raisi | D75: F | F75: Oman | G75: GCC | H75: Actor | I75: Drama | J75: B | L75: N | N75: 0 | O75: 0 | P75: N | Q75: Pending
A76: om_barakat_al_harthi | B76: Barakat Al Harthi | D76: M | E76: 1988 | F76: Oman | G76: GCC | H76: Sports | I76: Sprint | J76: C | L76: N | N76: 0 | O76: 0 | P76: N | Q76: Pending
A77: eg_mohamed_salah | B77: Mohamed Salah | C77: Mo Salah | D77: M | E77: 1992 | F77: Egypt | G77: GCC | H77: Sports | I77: Football (Liverpool) | J77: A | L77: N | N77: 0 | O77: 0 | P77: N | Q77: Pending
A78: eg_amr_diab | B78: Amr Diab | C78: El Hadaba | D78: M | E78: 1961 | F78: Egypt | G78: GCC | H78: Singer/Musician | I78: Pop (pan-Arab) | J78: A | L78: N | N78: 0 | O78: 0 | P78: N | Q78: Pending
A79: eg_tamer_hosny | B79: Tamer Hosny | D79: M | E79: 1977 | F79: Egypt | G79: GCC | H79: Singer/Musician | I79: Pop/actor | J79: A | L79: N | N79: 0 | O79: 0 | P79: N | Q79: Pending
A80: eg_sherine_abdel_wahab | B80: Sherine Abdel Wahab | C80: Sherine | D80: F | E80: 1980 | F80: Egypt | G80: GCC | H80: Singer/Musician | I80: Pop | J80: A | L80: N | N80: 0 | O80: 0 | P80: N | Q80: Pending
A81: eg_angham | B81: Angham | D81: F | E81: 1972 | F81: Egypt | G81: GCC | H81: Singer/Musician | I81: Pop | J81: A | L81: N | N81: 0 | O81: 0 | P81: N | Q81: Pending
A82: eg_mohamed_ramadan | B82: Mohamed Ramadan | D82: M | E82: 1988 | F82: Egypt | G82: GCC | H82: Actor | I82: Actor/rapper | J82: A | L82: N | N82: 0 | O82: 0 | P82: N | Q82: Pending
A83: eg_adel_emam | B83: Adel Emam | C83: El Zaeem | D83: M | E83: 1940 | F83: Egypt | G83: GCC | H83: Actor | I83: Comedy (legend) | J83: A | L83: N | N83: 0 | O83: 0 | P83: N | Q83: Pending
A84: eg_ahmed_helmy | B84: Ahmed Helmy | D84: M | E84: 1969 | F84: Egypt | G84: GCC | H84: Actor | I84: Comedy | J84: A | L84: N | N84: 0 | O84: 0 | P84: N | Q84: Pending
A85: eg_mona_zaki | B85: Mona Zaki | D85: F | E85: 1976 | F85: Egypt | G85: GCC | H85: Actor | I85: Film | J85: A | L85: N | N85: 0 | O85: 0 | P85: N | Q85: Pending | S85: Married to Ahmed Helmy
A86: eg_karim_abdel_aziz | B86: Karim Abdel Aziz | D86: M | E86: 1975 | F86: Egypt | G86: GCC | H86: Actor | I86: Film | J86: A | L86: N | N86: 0 | O86: 0 | P86: N | Q86: Pending
A87: eg_ahmed_el_sakka | B87: Ahmed El Sakka | D87: M | E87: 1973 | F87: Egypt | G87: GCC | H87: Actor | I87: Action | J87: A | L87: N | N87: 0 | O87: 0 | P87: N | Q87: Pending
A88: eg_ahmed_ezz | B88: Ahmed Ezz | D88: M | E88: 1971 | F88: Egypt | G88: GCC | H88: Actor | I88: Action | J88: A | L88: N | N88: 0 | O88: 0 | P88: N | Q88: Pending
A89: eg_yousra | B89: Yousra | D89: F | E89: 1955 | F89: Egypt | G89: GCC | H89: Actor | I89: Film (legend) | J89: A | L89: N | N89: 0 | O89: 0 | P89: N | Q89: Pending
A90: eg_amir_karara | B90: Amir Karara | D90: M | E90: 1977 | F90: Egypt | G90: GCC | H90: Actor | I90: Action (Kalabsh) | J90: B | L90: N | N90: 0 | O90: 0 | P90: N | Q90: Pending
A91: eg_dina_el_sherbiny | B91: Dina El Sherbiny | D91: F | E91: 1985 | F91: Egypt | G91: GCC | H91: Actor | I91: Drama | J91: B | L91: N | N91: 0 | O91: 0 | P91: N | Q91: Pending
A92: eg_ruby | B92: Ruby | C92: Rubi | D92: F | E92: 1981 | F92: Egypt | G92: GCC | H92: Singer/Musician | I92: Pop/actress | J92: B | L92: N | N92: 0 | O92: 0 | P92: N | Q92: Pending
A93: lb_nancy_ajram | B93: Nancy Ajram | D93: F | E93: 1983 | F93: Lebanon | G93: GCC | H93: Singer/Musician | I93: Pop (pan-Arab) | J93: A | L93: N | N93: 0 | O93: 0 | P93: N | Q93: Pending
A94: lb_elissa | B94: Elissa | C94: Elissar Khoury | D94: F | E94: 1972 | F94: Lebanon | G94: GCC | H94: Singer/Musician | I94: Pop | J94: A | L94: N | N94: 0 | O94: 0 | P94: N | Q94: Pending
A95: lb_haifa_wehbe | B95: Haifa Wehbe | D95: F | E95: 1976 | F95: Lebanon | G95: GCC | H95: Singer/Musician | I95: Pop/actress | J95: A | L95: N | N95: 0 | O95: 0 | P95: N | Q95: Pending
A96: lb_najwa_karam | B96: Najwa Karam | D96: F | E96: 1966 | F96: Lebanon | G96: GCC | H96: Singer/Musician | I96: Folk-pop | J96: A | L96: N | N96: 0 | O96: 0 | P96: N | Q96: Pending
A97: lb_myriam_fares | B97: Myriam Fares | D97: F | E97: 1983 | F97: Lebanon | G97: GCC | H97: Singer/Musician | I97: Pop | J97: A | L97: N | N97: 0 | O97: 0 | P97: N | Q97: Pending
A98: lb_ragheb_alama | B98: Ragheb Alama | D98: M | E98: 1962 | F98: Lebanon | G98: GCC | H98: Singer/Musician | I98: Pop | J98: A | L98: N | N98: 0 | O98: 0 | P98: N | Q98: Pending
A99: lb_wael_kfoury | B99: Wael Kfoury | D99: M | E99: 1974 | F99: Lebanon | G99: GCC | H99: Singer/Musician | I99: Romantic pop | J99: A | L99: N | N99: 0 | O99: 0 | P99: N | Q99: Pending
A100: lb_assi_el_hallani | B100: Assi El Hallani | D100: M | E100: 1970 | F100: Lebanon | G100: GCC | H100: Singer/Musician | I100: Folk-pop | J100: B | L100: N | N100: 0 | O100: 0 | P100: N | Q100: Pending
...
